Time,Source,Destination,Protocol,Row,Predicted_Label,Probability_Normal,Probability_DOS
0.0,52.168.117.173,192.168.207.242,TCP,1,Normal,1.0,0.0
0.003664,52.168.117.173,192.168.207.242,TCP,2,Normal,0.98,0.02
0.003664,52.168.117.173,192.168.207.242,TCP,3,Normal,1.0,0.0
0.003752,52.168.117.173,192.168.207.242,TCP,4,Normal,1.0,0.0
0.538139,72.25.64.16,192.168.207.242,TCP,5,Normal,1.0,0.0
0.538139,72.25.64.16,192.168.207.242,TCP,6,Normal,1.0,0.0
0.538139,72.25.64.16,192.168.207.242,TLSv1.2,7,Normal,1.0,0.0
0.538139,72.25.64.16,192.168.207.242,TLSv1.2,8,Normal,1.0,0.0
0.538345,192.168.207.242,72.25.64.16,TCP,9,Normal,1.0,0.0
0.541163,192.168.207.242,72.25.64.16,TLSv1.2,10,Normal,0.98,0.02
0.857356,72.25.64.16,192.168.207.242,TCP,11,Normal,1.0,0.0
0.857356,72.25.64.16,192.168.207.242,TLSv1.2,12,Normal,1.0,0.0
0.857356,72.25.64.16,192.168.207.242,TLSv1.2,13,Normal,1.0,0.0
0.857449,192.168.207.242,72.25.64.16,TCP,14,Normal,1.0,0.0
0.861461,192.168.207.242,72.25.64.16,TLSv1.2,15,Normal,0.98,0.02
0.861965,192.168.207.242,72.25.64.16,TCP,16,Normal,1.0,0.0
0.861965,192.168.207.242,72.25.64.16,TCP,17,Normal,1.0,0.0
0.861965,192.168.207.242,72.25.64.16,TCP,18,Normal,1.0,0.0
0.861965,192.168.207.242,72.25.64.16,TCP,19,Normal,1.0,0.0
0.861965,192.168.207.242,72.25.64.16,TCP,20,Normal,1.0,0.0
0.861965,192.168.207.242,72.25.64.16,TCP,21,Normal,1.0,0.0
0.861965,192.168.207.242,72.25.64.16,TCP,22,Normal,1.0,0.0
0.861965,192.168.207.242,72.25.64.16,TCP,23,Normal,1.0,0.0
0.861965,192.168.207.242,72.25.64.16,TCP,24,Normal,1.0,0.0
1.242301,72.25.64.16,192.168.207.242,TCP,25,Normal,1.0,0.0
1.242301,72.25.64.16,192.168.207.242,TCP,26,Normal,1.0,0.0
1.242301,72.25.64.16,192.168.207.242,TCP,27,Normal,1.0,0.0
1.242363,192.168.207.242,72.25.64.16,TCP,28,Normal,1.0,0.0
1.242363,192.168.207.242,72.25.64.16,TCP,29,Normal,1.0,0.0
1.242363,192.168.207.242,72.25.64.16,TCP,30,Normal,1.0,0.0
1.242363,192.168.207.242,72.25.64.16,TLSv1.2,31,Normal,1.0,0.0
1.242363,192.168.207.242,72.25.64.16,TCP,32,Normal,1.0,0.0
1.242363,192.168.207.242,72.25.64.16,TCP,33,Normal,1.0,0.0
1.242363,192.168.207.242,72.25.64.16,TCP,34,Normal,1.0,0.0
1.242363,192.168.207.242,72.25.64.16,TCP,35,Normal,1.0,0.0
1.242363,192.168.207.242,72.25.64.16,TCP,36,Normal,1.0,0.0
1.263826,72.25.64.16,192.168.207.242,TCP,37,Normal,1.0,0.0
1.263826,72.25.64.16,192.168.207.242,TCP,38,Normal,1.0,0.0
1.263826,72.25.64.2,192.168.207.242,TLSv1.2,39,Normal,1.0,0.0
1.263826,72.25.64.16,192.168.207.242,TCP,40,Normal,1.0,0.0
1.26394,192.168.207.242,72.25.64.16,TCP,41,Normal,1.0,0.0
1.26394,192.168.207.242,72.25.64.16,TCP,42,Normal,1.0,0.0
1.26394,192.168.207.242,72.25.64.16,TCP,43,Normal,1.0,0.0
1.26394,192.168.207.242,72.25.64.16,TCP,44,Normal,1.0,0.0
1.26394,192.168.207.242,72.25.64.16,TCP,45,Normal,1.0,0.0
1.26394,192.168.207.242,72.25.64.16,TCP,46,Normal,1.0,0.0
1.26394,192.168.207.242,72.25.64.16,TCP,47,Normal,1.0,0.0
1.26394,192.168.207.242,72.25.64.16,TLSv1.2,48,Normal,1.0,0.0
1.26394,192.168.207.242,72.25.64.16,TCP,49,Normal,1.0,0.0
1.26394,192.168.207.242,72.25.64.16,TCP,50,Normal,1.0,0.0
1.314563,192.168.207.242,72.25.64.2,TCP,51,Normal,1.0,0.0
1.644998,72.25.64.16,192.168.207.242,TCP,52,Normal,1.0,0.0
1.644998,72.25.64.16,192.168.207.242,TCP,53,Normal,1.0,0.0
1.644998,72.25.64.16,192.168.207.242,TCP,54,Normal,1.0,0.0
1.644998,72.25.64.16,192.168.207.242,TCP,55,Normal,1.0,0.0
1.644998,72.25.64.16,192.168.207.242,TCP,56,Normal,0.98,0.02
1.645064,192.168.207.242,72.25.64.16,TCP,57,Normal,0.98,0.02
1.645064,192.168.207.242,72.25.64.16,TLSv1.2,58,Normal,0.98,0.02
1.645177,72.25.64.16,192.168.207.242,TCP,59,Normal,0.98,0.02
1.66125,72.25.64.16,192.168.207.242,TCP,60,Normal,0.98,0.02
1.66125,72.25.64.16,192.168.207.242,TCP,61,Normal,0.98,0.02
1.66125,72.25.64.16,192.168.207.242,TCP,62,Normal,0.98,0.02
1.680786,72.25.64.16,192.168.207.242,TCP,63,Normal,0.98,0.02
1.680786,72.25.64.2,192.168.207.242,TLSv1.2,64,Normal,0.98,0.02
1.684788,192.168.207.242,72.25.64.2,TLSv1.2,65,Normal,0.96,0.04
1.684944,192.168.207.242,72.25.64.2,TLSv1.2,66,Normal,0.98,0.02
1.719324,72.25.64.16,192.168.207.242,TCP,67,Normal,0.98,0.02
1.968874,72.25.64.16,192.168.207.242,TCP,68,Normal,1.0,0.0
1.968874,72.25.64.16,192.168.207.242,TLSv1.2,69,Normal,0.98,0.02
1.969642,72.25.64.16,192.168.207.242,TLSv1.2,70,Normal,0.98,0.02
1.969728,192.168.207.242,72.25.64.16,TLSv1.2,71,Normal,0.98,0.02
1.969753,192.168.207.242,72.25.64.16,TCP,72,Normal,0.98,0.02
1.972145,72.25.64.2,192.168.207.242,TCP,73,Normal,0.96,0.04
1.975819,72.25.64.2,192.168.207.242,TCP,74,Normal,0.96,0.04
1.975819,72.25.64.2,192.168.207.242,TCP,75,Normal,0.98,0.02
2.000867,72.25.64.2,192.168.207.242,TLSv1.2,76,Normal,1.0,0.0
2.001044,192.168.207.242,72.25.64.2,TLSv1.2,77,Normal,1.0,0.0
2.001286,192.168.207.242,72.25.64.2,TCP,78,Normal,1.0,0.0
2.005958,72.25.64.2,192.168.207.242,TLSv1.2,79,Normal,0.98,0.02
2.006052,192.168.207.242,72.25.64.2,TCP,80,Normal,1.0,0.0
2.008117,192.168.207.242,72.25.64.2,TCP,81,Normal,0.94,0.06
2.019826,192.168.207.242,72.25.64.16,TCP,82,Normal,0.96,0.04
2.371416,72.25.64.16,192.168.207.242,TCP,83,Normal,1.0,0.0
2.371416,72.25.64.16,192.168.207.242,TCP,84,Normal,1.0,0.0
2.371416,72.25.64.2,192.168.207.242,TCP,85,Normal,1.0,0.0
2.371416,72.25.64.2,192.168.207.242,TCP,86,Normal,0.96,0.04
2.371416,72.25.64.16,192.168.207.242,TCP,87,Normal,0.96,0.04
2.371628,192.168.207.242,72.25.64.2,TCP,88,Normal,1.0,0.0
2.371665,192.168.207.242,72.25.64.16,TCP,89,Normal,1.0,0.0
2.372622,192.168.207.242,72.25.64.2,TLSv1.2,90,Normal,1.0,0.0
2.372629,192.168.207.242,72.25.64.16,TLSv1.2,91,Normal,1.0,0.0
2.483024,192.168.207.242,192.168.207.255,BROWSER,92,Normal,1.0,0.0
2.762448,72.25.64.2,192.168.207.242,TCP,93,Normal,1.0,0.0
2.773459,72.25.64.16,192.168.207.242,TCP,94,Normal,0.98,0.02
2.773459,72.25.64.16,192.168.207.242,TCP,95,Normal,0.98,0.02
2.773459,72.25.64.16,192.168.207.242,TLSv1.2,96,Normal,0.98,0.02
2.773459,72.25.64.16,192.168.207.242,TLSv1.2,97,Normal,0.98,0.02
2.773618,192.168.207.242,72.25.64.16,TCP,98,Normal,0.98,0.02
2.773919,72.25.64.2,192.168.207.242,TCP,99,Normal,0.98,0.02
2.773985,192.168.207.242,72.25.64.2,TCP,100,Normal,0.98,0.02
2.776188,192.168.207.242,72.25.64.16,TLSv1.2,101,Normal,0.94,0.06
2.776518,72.25.64.2,192.168.207.242,TLSv1.2,102,Normal,0.98,0.02
2.776677,72.25.64.2,192.168.207.242,TLSv1.2,103,Normal,0.98,0.02
2.776728,192.168.207.242,72.25.64.2,TCP,104,Normal,0.98,0.02
2.778906,192.168.207.242,72.25.64.2,TLSv1.2,105,Normal,0.94,0.06
3.084263,72.25.64.2,192.168.207.242,TCP,106,Normal,1.0,0.0
3.084263,72.25.64.16,192.168.207.242,TCP,107,Normal,0.98,0.02
3.084263,72.25.64.16,192.168.207.242,TLSv1.2,108,Normal,0.98,0.02
3.084263,72.25.64.16,192.168.207.242,TLSv1.2,109,Normal,0.98,0.02
3.084373,192.168.207.242,72.25.64.16,TCP,110,Normal,0.98,0.02
3.088289,192.168.207.242,72.25.64.16,TLSv1.2,111,Normal,0.96,0.04
3.088735,192.168.207.242,72.25.64.16,TCP,112,Normal,0.98,0.02
3.088735,192.168.207.242,72.25.64.16,TCP,113,Normal,0.98,0.02
3.088735,192.168.207.242,72.25.64.16,TCP,114,Normal,0.98,0.02
3.088735,192.168.207.242,72.25.64.16,TCP,115,Normal,0.98,0.02
3.088735,192.168.207.242,72.25.64.16,TCP,116,Normal,0.98,0.02
3.088735,192.168.207.242,72.25.64.16,TCP,117,Normal,0.98,0.02
3.088735,192.168.207.242,72.25.64.16,TCP,118,Normal,0.98,0.02
3.088735,192.168.207.242,72.25.64.16,TCP,119,Normal,0.98,0.02
3.088735,192.168.207.242,72.25.64.16,TCP,120,Normal,1.0,0.0
3.765645,192.168.207.242,208.115.231.94,TCP,121,Normal,0.98,0.02
3.784842,72.25.64.16,192.168.207.242,TCP,122,Normal,0.98,0.02
3.784842,72.25.64.16,192.168.207.242,TCP,123,Normal,1.0,0.0
3.784842,72.25.64.16,192.168.207.242,TCP,124,Normal,1.0,0.0
3.784842,72.25.64.16,192.168.207.242,TCP,125,Normal,1.0,0.0
3.784915,192.168.207.242,72.25.64.16,TCP,126,Normal,1.0,0.0
3.784915,192.168.207.242,72.25.64.16,TCP,127,Normal,1.0,0.0
3.784915,192.168.207.242,72.25.64.16,TCP,128,Normal,1.0,0.0
3.784915,192.168.207.242,72.25.64.16,TLSv1.2,129,Normal,1.0,0.0
3.784915,192.168.207.242,72.25.64.16,TCP,130,Normal,1.0,0.0
3.784915,192.168.207.242,72.25.64.16,TCP,131,Normal,1.0,0.0
3.784915,192.168.207.242,72.25.64.16,TCP,132,Normal,1.0,0.0
3.784915,192.168.207.242,72.25.64.16,TCP,133,Normal,1.0,0.0
3.784915,192.168.207.242,72.25.64.16,TCP,134,Normal,1.0,0.0
3.784915,192.168.207.242,72.25.64.16,TCP,135,Normal,1.0,0.0
3.784915,192.168.207.242,72.25.64.16,TCP,136,Normal,1.0,0.0
3.784915,192.168.207.242,72.25.64.16,TCP,137,Normal,1.0,0.0
3.784915,192.168.207.242,72.25.64.16,TCP,138,Normal,1.0,0.0
3.79142,72.25.64.16,192.168.207.242,TCP,139,Normal,1.0,0.0
3.79142,72.25.64.16,192.168.207.242,TCP,140,Normal,1.0,0.0
3.791475,192.168.207.242,72.25.64.16,TCP,141,Normal,1.0,0.0
3.791475,192.168.207.242,72.25.64.16,TCP,142,Normal,1.0,0.0
3.791475,192.168.207.242,72.25.64.16,TCP,143,Normal,1.0,0.0
3.791475,192.168.207.242,72.25.64.16,TLSv1.2,144,Normal,1.0,0.0
3.791475,192.168.207.242,72.25.64.16,TCP,145,Normal,1.0,0.0
3.791475,192.168.207.242,72.25.64.16,TCP,146,Normal,1.0,0.0
3.871142,208.115.231.94,192.168.207.242,TCP,147,Normal,1.0,0.0
3.871195,192.168.207.242,208.115.231.94,TCP,148,Normal,1.0,0.0
4.003499,208.115.231.94,192.168.207.242,TCP,149,Normal,1.0,0.0
4.098711,72.25.64.2,192.168.207.242,TLSv1.2,150,Normal,0.98,0.02
4.114802,72.25.64.16,192.168.207.242,TCP,151,Normal,0.98,0.02
4.114802,72.25.64.16,192.168.207.242,TCP,152,Normal,1.0,0.0
4.114802,72.25.64.16,192.168.207.242,TCP,153,Normal,1.0,0.0
4.114869,192.168.207.242,72.25.64.16,TCP,154,Normal,1.0,0.0
4.114869,192.168.207.242,72.25.64.16,TCP,155,Normal,1.0,0.0
4.114869,192.168.207.242,72.25.64.16,TCP,156,Normal,1.0,0.0
4.114869,192.168.207.242,72.25.64.16,TCP,157,Normal,1.0,0.0
4.114869,192.168.207.242,72.25.64.16,TCP,158,Normal,1.0,0.0
4.114869,192.168.207.242,72.25.64.16,TCP,159,Normal,1.0,0.0
4.114869,192.168.207.242,72.25.64.16,TCP,160,Normal,1.0,0.0
4.114869,192.168.207.242,72.25.64.16,TCP,161,Normal,1.0,0.0
4.114869,192.168.207.242,72.25.64.16,TCP,162,Normal,1.0,0.0
4.114869,192.168.207.242,72.25.64.16,TLSv1.2,163,Normal,1.0,0.0
4.114869,192.168.207.242,72.25.64.16,TCP,164,Normal,1.0,0.0
4.114869,192.168.207.242,72.25.64.16,TCP,165,Normal,1.0,0.0
4.120111,72.25.64.16,192.168.207.242,TCP,166,Normal,1.0,0.0
4.120149,192.168.207.242,72.25.64.16,TCP,167,Normal,1.0,0.0
4.120149,192.168.207.242,72.25.64.16,TCP,168,Normal,1.0,0.0
4.120149,192.168.207.242,72.25.64.16,TCP,169,Normal,1.0,0.0
4.120149,192.168.207.242,72.25.64.16,TCP,170,Normal,1.0,0.0
4.136314,72.25.64.16,192.168.207.242,TCP,171,Normal,0.98,0.02
4.136314,72.25.64.16,192.168.207.242,TCP,172,Normal,1.0,0.0
4.136369,192.168.207.242,72.25.64.16,TCP,173,Normal,1.0,0.0
4.136369,192.168.207.242,72.25.64.16,TLSv1.2,174,Normal,1.0,0.0
4.139557,72.25.64.16,192.168.207.242,TCP,175,Normal,1.0,0.0
4.14263,192.168.207.242,72.25.64.2,TCP,176,Normal,1.0,0.0
4.153365,72.25.64.16,192.168.207.242,TCP,177,Normal,1.0,0.0
4.156036,72.25.64.16,192.168.207.242,TCP,178,Normal,1.0,0.0
4.256669,72.25.64.16,192.168.207.242,TCP,179,Normal,1.0,0.0
4.422411,2401:4900:61c1:bd5:34f1:300d:9edc:79d3,2620:1ec:21::16,TCP,180,DOS,0.48,0.52
4.422738,192.168.207.242,40.74.81.198,TCP,181,Normal,1.0,0.0
4.490247,72.25.64.2,192.168.207.242,TLSv1.2,182,Normal,1.0,0.0
4.490518,72.25.64.16,192.168.207.242,TCP,183,Normal,1.0,0.0
4.502011,192.168.207.242,72.25.64.2,TLSv1.2,184,Normal,0.98,0.02
4.502619,192.168.207.242,72.25.64.2,TLSv1.2,185,Normal,0.98,0.02
4.525811,2620:1ec:21::16,2401:4900:61c1:bd5:34f1:300d:9edc:79d3,TCP,186,DOS,0.48,0.52
4.525811,72.25.64.16,192.168.207.242,TCP,187,Normal,0.98,0.02
4.525811,72.25.64.16,192.168.207.242,TCP,188,Normal,0.98,0.02
4.525811,72.25.64.16,192.168.207.242,TCP,189,Normal,0.98,0.02
4.525811,72.25.64.16,192.168.207.242,TCP,190,Normal,0.98,0.02
4.525811,72.25.64.16,192.168.207.242,TCP,191,Normal,0.98,0.02
4.526075,192.168.207.242,72.25.64.16,TCP,192,Normal,0.98,0.02
4.526171,192.168.207.242,72.25.64.16,TCP,193,Normal,0.98,0.02
4.526171,192.168.207.242,72.25.64.16,TCP,194,Normal,0.98,0.02
4.526248,192.168.207.242,72.25.64.16,TCP,195,Normal,0.98,0.02
4.526248,192.168.207.242,72.25.64.16,TCP,196,Normal,0.98,0.02
4.526426,72.25.64.16,192.168.207.242,TCP,197,Normal,0.98,0.02
4.526426,72.25.64.16,192.168.207.242,TCP,198,Normal,0.96,0.04
4.526426,72.25.64.16,192.168.207.242,TCP,199,Normal,0.96,0.04
4.526426,72.25.64.16,192.168.207.242,TCP,200,Normal,0.96,0.04
4.526426,72.25.64.16,192.168.207.242,TCP,201,Normal,0.96,0.04
4.526426,72.25.64.16,192.168.207.242,TCP,202,Normal,0.96,0.04
4.526426,72.25.64.16,192.168.207.242,TCP,203,Normal,0.96,0.04
4.526426,72.25.64.16,192.168.207.242,TCP,204,Normal,0.96,0.04
4.526426,72.25.64.16,192.168.207.242,TCP,205,Normal,0.96,0.04
4.526426,72.25.64.16,192.168.207.242,TCP,206,Normal,0.96,0.04
4.526599,192.168.207.242,72.25.64.16,TCP,207,Normal,0.96,0.04
4.526599,192.168.207.242,72.25.64.16,TCP,208,Normal,0.96,0.04
4.526666,192.168.207.242,72.25.64.16,TCP,209,Normal,0.96,0.04
4.526823,72.25.64.16,192.168.207.242,TCP,210,Normal,0.96,0.04
4.526823,72.25.64.16,192.168.207.242,TCP,211,Normal,0.96,0.04
4.526823,72.25.64.16,192.168.207.242,TLSv1.2,212,Normal,0.96,0.04
4.526823,72.25.64.16,192.168.207.242,TLSv1.2,213,Normal,0.96,0.04
4.526823,2620:1ec:21::16,2401:4900:61c1:bd5:34f1:300d:9edc:79d3,TCP,214,DOS,0.44,0.56
4.527062,192.168.207.242,72.25.64.16,TCP,215,Normal,0.96,0.04
4.527198,2401:4900:61c1:bd5:34f1:300d:9edc:79d3,2620:1ec:21::16,TCP,216,DOS,0.44,0.56
4.52729,192.168.207.242,72.25.64.16,TLSv1.2,217,Normal,0.96,0.04
4.527484,192.168.207.242,72.25.64.16,TCP,218,Normal,0.96,0.04
4.619342,40.74.81.198,192.168.207.242,TCP,219,Normal,0.98,0.02
4.619429,192.168.207.242,40.74.81.198,TCP,220,Normal,0.96,0.04
4.641199,192.168.207.242,192.168.207.206,DNS,221,Normal,0.96,0.04
4.646961,192.168.207.206,192.168.207.242,DNS,222,Normal,0.98,0.02
4.647661,192.168.207.242,72.25.64.16,TCP,223,Normal,0.94,0.06
4.794622,72.25.64.2,192.168.207.242,TCP,224,Normal,0.98,0.02
4.824064,72.25.64.2,192.168.207.242,TCP,225,Normal,0.96,0.04
4.824064,72.25.64.16,192.168.207.242,TCP,226,Normal,0.96,0.04
4.824064,72.25.64.16,192.168.207.242,TCP,227,Normal,0.96,0.04
4.824064,72.25.64.16,192.168.207.242,TCP,228,Normal,0.96,0.04
4.824064,72.25.64.16,192.168.207.242,TCP,229,Normal,0.96,0.04
4.82415,72.25.64.16,192.168.207.242,TCP,230,Normal,0.98,0.02
4.82415,72.25.64.16,192.168.207.242,TCP,231,Normal,0.98,0.02
4.82415,72.25.64.16,192.168.207.242,TCP,232,Normal,0.98,0.02
4.824331,72.25.64.16,192.168.207.242,TCP,233,Normal,0.98,0.02
4.824331,72.25.64.16,192.168.207.242,TCP,234,Normal,0.98,0.02
4.824331,72.25.64.16,192.168.207.242,TCP,235,Normal,0.98,0.02
4.82466,72.25.64.2,192.168.207.242,TLSv1.2,236,Normal,0.98,0.02
4.824881,192.168.207.242,72.25.64.2,TLSv1.2,237,Normal,0.96,0.04
4.824947,192.168.207.242,72.25.64.2,TCP,238,Normal,0.96,0.04
4.830121,192.168.207.242,192.168.207.206,DNS,239,Normal,0.98,0.02
4.831073,72.25.64.2,192.168.207.242,TLSv1.2,240,Normal,0.96,0.04
4.831136,192.168.207.242,72.25.64.2,TCP,241,Normal,0.96,0.04
4.835024,192.168.207.206,192.168.207.242,DNS,242,Normal,0.98,0.02
4.835886,192.168.207.242,72.25.64.2,TCP,243,Normal,0.94,0.06
5.013898,72.25.64.16,192.168.207.242,TCP,244,Normal,1.0,0.0
5.01401,192.168.207.242,72.25.64.16,TCP,245,Normal,0.96,0.04
5.015014,192.168.207.242,72.25.64.16,TLSv1.2,246,Normal,0.98,0.02
5.104976,72.25.64.2,192.168.207.242,TCP,247,Normal,1.0,0.0
5.108499,72.25.64.2,192.168.207.242,TCP,248,Normal,0.96,0.04
5.108627,192.168.207.242,72.25.64.2,TCP,249,Normal,0.96,0.04
5.109571,192.168.207.242,72.25.64.2,TLSv1.2,250,Normal,0.98,0.02
5.111987,72.25.64.2,192.168.207.242,TCP,251,Normal,0.98,0.02
5.322321,2603:1090:40c:8062:0:1:95:ad7a,2401:4900:61c1:bd5:34f1:300d:9edc:79d3,TCP,252,DOS,0.42,0.58
5.328462,72.25.64.16,192.168.207.242,TCP,253,Normal,0.98,0.02
5.370053,192.168.207.242,72.25.64.16,TCP,254,Normal,0.98,0.02
5.487113,72.25.64.2,192.168.207.242,TCP,255,Normal,1.0,0.0
5.487113,72.25.64.16,192.168.207.242,TCP,256,Normal,0.98,0.02
5.487113,72.25.64.16,192.168.207.242,TCP,257,Normal,0.98,0.02
5.487276,192.168.207.242,72.25.64.16,TCP,258,Normal,0.98,0.02
5.48752,72.25.64.16,192.168.207.242,TLSv1.2,259,Normal,0.98,0.02
5.48752,72.25.64.16,192.168.207.242,TLSv1.2,260,Normal,0.98,0.02
5.48752,72.25.64.2,192.168.207.242,TCP,261,Normal,0.98,0.02
5.487633,192.168.207.242,72.25.64.16,TCP,262,Normal,0.98,0.02
5.487665,192.168.207.242,72.25.64.2,TCP,263,Normal,0.98,0.02
5.487694,72.25.64.2,192.168.207.242,TLSv1.2,264,Normal,0.98,0.02
5.487811,72.25.64.2,192.168.207.242,TLSv1.2,265,Normal,0.98,0.02
5.487871,192.168.207.242,72.25.64.2,TCP,266,Normal,0.98,0.02
5.490328,192.168.207.242,72.25.64.2,TLSv1.2,267,Normal,0.96,0.04
5.490333,192.168.207.242,72.25.64.16,TLSv1.2,268,Normal,0.96,0.04
5.80174,72.25.64.2,192.168.207.242,TCP,269,Normal,1.0,0.0
5.80174,72.25.64.16,192.168.207.242,TCP,270,Normal,0.98,0.02
5.80174,72.25.64.16,192.168.207.242,TLSv1.2,271,Normal,0.98,0.02
5.80174,72.25.64.16,192.168.207.242,TLSv1.2,272,Normal,0.98,0.02
5.80174,72.25.64.2,192.168.207.242,TLSv1.2,273,Normal,0.98,0.02
5.801865,192.168.207.242,72.25.64.16,TCP,274,Normal,0.98,0.02
5.802085,72.25.64.2,192.168.207.242,TLSv1.2,275,Normal,0.98,0.02
5.802131,192.168.207.242,72.25.64.2,TCP,276,Normal,0.98,0.02
5.805371,192.168.207.242,72.25.64.16,TLSv1.2,277,Normal,0.98,0.02
5.8063,192.168.207.242,72.25.64.2,TLSv1.2,278,Normal,0.98,0.02
5.806309,192.168.207.242,72.25.64.16,TCP,279,Normal,0.96,0.04
5.806309,192.168.207.242,72.25.64.16,TCP,280,Normal,0.96,0.04
5.806309,192.168.207.242,72.25.64.16,TCP,281,Normal,0.96,0.04
5.806309,192.168.207.242,72.25.64.16,TCP,282,Normal,0.96,0.04
5.806309,192.168.207.242,72.25.64.16,TCP,283,Normal,0.96,0.04
5.806309,192.168.207.242,72.25.64.16,TCP,284,Normal,0.96,0.04
5.806309,192.168.207.242,72.25.64.16,TCP,285,Normal,0.96,0.04
5.806309,192.168.207.242,72.25.64.16,TCP,286,Normal,0.96,0.04
5.806309,192.168.207.242,72.25.64.16,TCP,287,Normal,0.96,0.04
5.806433,192.168.207.242,72.25.64.2,TLSv1.2,288,Normal,0.96,0.04
6.36538,72.25.64.16,192.168.207.242,TCP,289,Normal,0.9,0.1
6.36538,72.25.64.2,192.168.207.242,TCP,290,Normal,0.96,0.04
6.36538,72.25.64.2,192.168.207.242,TCP,291,Normal,0.96,0.04
6.36538,72.25.64.16,192.168.207.242,TCP,292,Normal,0.96,0.04
6.36538,72.25.64.16,192.168.207.242,TCP,293,Normal,0.96,0.04
6.36538,72.25.64.16,192.168.207.242,TCP,294,Normal,0.96,0.04
6.36538,72.25.64.16,192.168.207.242,TCP,295,Normal,0.96,0.04
6.36538,72.25.64.2,192.168.207.242,TLSv1.2,296,Normal,0.96,0.04
6.36538,72.25.64.2,192.168.207.242,TLSv1.2,297,Normal,0.96,0.04
6.36538,72.25.64.16,192.168.207.242,TCP,298,Normal,0.96,0.04
6.365593,192.168.207.242,72.25.64.16,TCP,299,Normal,0.96,0.04
6.365593,192.168.207.242,72.25.64.16,TCP,300,Normal,0.96,0.04
6.365593,192.168.207.242,72.25.64.16,TCP,301,Normal,0.96,0.04
6.365593,192.168.207.242,72.25.64.16,TLSv1.2,302,Normal,0.96,0.04
6.365593,192.168.207.242,72.25.64.16,TCP,303,Normal,0.96,0.04
6.365593,192.168.207.242,72.25.64.16,TCP,304,Normal,0.96,0.04
6.365593,192.168.207.242,72.25.64.16,TCP,305,Normal,0.96,0.04
6.365593,192.168.207.242,72.25.64.16,TCP,306,Normal,0.96,0.04
6.365593,192.168.207.242,72.25.64.16,TCP,307,Normal,0.96,0.04
6.365593,192.168.207.242,72.25.64.16,TCP,308,Normal,0.96,0.04
6.365593,192.168.207.242,72.25.64.16,TCP,309,Normal,0.96,0.04
6.365593,192.168.207.242,72.25.64.16,TCP,310,Normal,0.96,0.04
6.365593,192.168.207.242,72.25.64.16,TCP,311,Normal,0.96,0.04
6.365593,192.168.207.242,72.25.64.16,TCP,312,Normal,0.96,0.04
6.365593,192.168.207.242,72.25.64.16,TCP,313,Normal,0.96,0.04
6.365593,192.168.207.242,72.25.64.16,TCP,314,Normal,0.96,0.04
6.365593,192.168.207.242,72.25.64.16,TLSv1.2,315,Normal,0.96,0.04
6.365593,192.168.207.242,72.25.64.16,TCP,316,Normal,0.96,0.04
6.365593,192.168.207.242,72.25.64.16,TCP,317,Normal,0.96,0.04
6.365686,192.168.207.242,72.25.64.2,TLSv1.2,318,Normal,0.96,0.04
6.365744,192.168.207.242,72.25.64.2,TCP,319,Normal,0.96,0.04
6.884761,72.25.64.2,192.168.207.242,TCP,320,Normal,0.9,0.1
6.884761,72.25.64.16,192.168.207.242,TCP,321,Normal,0.96,0.04
6.884761,72.25.64.16,192.168.207.242,TCP,322,Normal,0.96,0.04
6.884761,72.25.64.16,192.168.207.242,TCP,323,Normal,0.96,0.04
6.884761,72.25.64.16,192.168.207.242,TCP,324,Normal,0.96,0.04
6.884761,72.25.64.16,192.168.207.242,TCP,325,Normal,0.96,0.04
6.884761,72.25.64.16,192.168.207.242,TCP,326,Normal,0.96,0.04
6.884761,72.25.64.2,192.168.207.242,TCP,327,Normal,0.96,0.04
6.884761,72.25.64.16,192.168.207.242,TCP,328,Normal,0.96,0.04
6.884761,72.25.64.2,192.168.207.242,TCP,329,Normal,0.96,0.04
6.884761,72.25.64.16,192.168.207.242,TCP,330,Normal,0.96,0.04
6.884761,72.25.64.16,192.168.207.242,TCP,331,Normal,0.96,0.04
6.884761,72.25.64.16,192.168.207.242,TCP,332,Normal,0.96,0.04
6.884972,192.168.207.242,72.25.64.16,TCP,333,Normal,0.96,0.04
6.884972,192.168.207.242,72.25.64.16,TCP,334,Normal,0.96,0.04
6.884972,192.168.207.242,72.25.64.16,TCP,335,Normal,0.96,0.04
6.884972,192.168.207.242,72.25.64.16,TCP,336,Normal,0.96,0.04
6.884972,192.168.207.242,72.25.64.16,TCP,337,Normal,0.96,0.04
6.884972,192.168.207.242,72.25.64.16,TCP,338,Normal,0.96,0.04
6.884972,192.168.207.242,72.25.64.16,TCP,339,Normal,0.96,0.04
6.884972,192.168.207.242,72.25.64.16,TCP,340,Normal,0.96,0.04
6.884972,192.168.207.242,72.25.64.16,TCP,341,Normal,0.94,0.06
6.884972,192.168.207.242,72.25.64.16,TLSv1.2,342,Normal,0.94,0.06
6.884972,192.168.207.242,72.25.64.16,TCP,343,Normal,0.94,0.06
6.884972,192.168.207.242,72.25.64.16,TCP,344,Normal,0.94,0.06
6.884972,192.168.207.242,72.25.64.16,TCP,345,Normal,0.94,0.06
6.884972,192.168.207.242,72.25.64.16,TCP,346,Normal,0.94,0.06
6.884972,192.168.207.242,72.25.64.16,TCP,347,Normal,0.94,0.06
6.884972,192.168.207.242,72.25.64.16,TCP,348,Normal,0.94,0.06
6.884972,192.168.207.242,72.25.64.16,TCP,349,Normal,0.94,0.06
6.884972,192.168.207.242,72.25.64.16,TCP,350,Normal,0.94,0.06
6.884972,192.168.207.242,72.25.64.16,TCP,351,Normal,0.94,0.06
6.884972,192.168.207.242,72.25.64.16,TCP,352,Normal,0.94,0.06
6.884972,192.168.207.242,72.25.64.16,TCP,353,Normal,0.94,0.06
6.884972,192.168.207.242,72.25.64.16,TCP,354,Normal,0.94,0.06
6.884972,192.168.207.242,72.25.64.16,TLSv1.2,355,Normal,0.94,0.06
6.884972,192.168.207.242,72.25.64.16,TCP,356,Normal,0.94,0.06
6.884972,192.168.207.242,72.25.64.16,TCP,357,Normal,0.94,0.06
6.884972,192.168.207.242,72.25.64.16,TCP,358,Normal,0.94,0.06
6.884972,192.168.207.242,72.25.64.16,TLSv1.2,359,Normal,0.94,0.06
6.884972,192.168.207.242,72.25.64.16,TCP,360,Normal,0.94,0.06
6.884972,192.168.207.242,72.25.64.16,TCP,361,Normal,0.94,0.06
6.884972,192.168.207.242,72.25.64.16,TCP,362,Normal,0.94,0.06
6.884972,192.168.207.242,72.25.64.16,TCP,363,Normal,0.94,0.06
6.884972,192.168.207.242,72.25.64.16,TCP,364,Normal,0.94,0.06
6.884972,192.168.207.242,72.25.64.16,TCP,365,Normal,0.94,0.06
6.884972,192.168.207.242,72.25.64.16,TCP,366,Normal,0.94,0.06
6.884972,192.168.207.242,72.25.64.16,TCP,367,Normal,0.94,0.06
6.884972,192.168.207.242,72.25.64.16,TCP,368,Normal,0.94,0.06
6.884972,192.168.207.242,72.25.64.16,TCP,369,Normal,0.94,0.06
6.884972,192.168.207.242,72.25.64.16,TCP,370,Normal,0.94,0.06
7.252301,72.25.64.16,192.168.207.242,TCP,371,Normal,0.96,0.04
7.252301,72.25.64.16,192.168.207.242,TCP,372,Normal,0.9,0.1
7.252301,72.25.64.16,192.168.207.242,TCP,373,Normal,0.9,0.1
7.252301,72.25.64.16,192.168.207.242,TCP,374,Normal,0.9,0.1
7.252301,72.25.64.16,192.168.207.242,TCP,375,Normal,0.9,0.1
7.252442,192.168.207.242,72.25.64.16,TLSv1.2,376,Normal,0.88,0.12
7.252442,192.168.207.242,72.25.64.16,TCP,377,Normal,0.9,0.1
7.252442,192.168.207.242,72.25.64.16,TCP,378,Normal,0.9,0.1
7.252442,192.168.207.242,72.25.64.16,TCP,379,Normal,0.9,0.1
7.252442,192.168.207.242,72.25.64.16,TCP,380,Normal,0.9,0.1
7.252442,192.168.207.242,72.25.64.16,TCP,381,Normal,0.9,0.1
7.252442,192.168.207.242,72.25.64.16,TCP,382,Normal,0.9,0.1
7.252442,192.168.207.242,72.25.64.16,TCP,383,Normal,0.9,0.1
7.252442,192.168.207.242,72.25.64.16,TCP,384,Normal,0.9,0.1
7.252442,192.168.207.242,72.25.64.16,TCP,385,Normal,0.9,0.1
7.252442,192.168.207.242,72.25.64.16,TCP,386,Normal,0.9,0.1
7.252442,192.168.207.242,72.25.64.16,TCP,387,Normal,0.9,0.1
7.252442,192.168.207.242,72.25.64.16,TCP,388,Normal,0.9,0.1
7.252442,192.168.207.242,72.25.64.16,TLSv1.2,389,Normal,0.9,0.1
7.252442,192.168.207.242,72.25.64.16,TCP,390,Normal,0.9,0.1
7.252442,192.168.207.242,72.25.64.16,TCP,391,Normal,0.9,0.1
7.252442,192.168.207.242,72.25.64.16,TCP,392,Normal,0.9,0.1
7.252442,192.168.207.242,72.25.64.16,TCP,393,Normal,0.9,0.1
7.252442,192.168.207.242,72.25.64.16,TCP,394,Normal,0.9,0.1
7.252442,192.168.207.242,72.25.64.16,TCP,395,Normal,0.9,0.1
7.252577,72.25.64.16,192.168.207.242,TCP,396,Normal,0.88,0.12
7.252824,192.168.207.242,72.25.64.16,TCP,397,Normal,0.88,0.12
7.252824,192.168.207.242,72.25.64.16,TCP,398,Normal,0.9,0.1
7.252824,192.168.207.242,72.25.64.16,TCP,399,Normal,0.9,0.1
7.252824,192.168.207.242,72.25.64.16,TCP,400,Normal,0.9,0.1
7.404142,72.25.64.16,192.168.207.242,TCP,401,Normal,0.96,0.04
7.404194,192.168.207.242,72.25.64.16,TCP,402,Normal,0.88,0.12
7.404194,192.168.207.242,72.25.64.16,TLSv1.2,403,Normal,0.9,0.1
7.404194,192.168.207.242,72.25.64.16,TCP,404,Normal,0.9,0.1
7.404194,192.168.207.242,72.25.64.16,TCP,405,Normal,0.9,0.1
7.409547,72.25.64.16,192.168.207.242,TCP,406,Normal,0.96,0.04
7.409547,72.25.64.16,192.168.207.242,TCP,407,Normal,0.9,0.1
7.409593,192.168.207.242,72.25.64.16,TCP,408,Normal,0.88,0.12
7.409593,192.168.207.242,72.25.64.16,TCP,409,Normal,0.9,0.1
7.409593,192.168.207.242,72.25.64.16,TCP,410,Normal,0.9,0.1
7.409593,192.168.207.242,72.25.64.16,TCP,411,Normal,0.88,0.12
7.409652,72.25.64.16,192.168.207.242,TCP,412,Normal,0.86,0.14
7.409652,72.25.64.16,192.168.207.242,TCP,413,Normal,0.88,0.12
7.409652,72.25.64.16,192.168.207.242,TCP,414,Normal,0.88,0.12
7.409684,192.168.207.242,72.25.64.16,TCP,415,Normal,0.86,0.14
7.409684,192.168.207.242,72.25.64.16,TCP,416,Normal,0.88,0.12
7.409684,192.168.207.242,72.25.64.16,TCP,417,Normal,0.88,0.12
7.409684,192.168.207.242,72.25.64.16,TCP,418,Normal,0.88,0.12
7.409684,192.168.207.242,72.25.64.16,TCP,419,Normal,0.88,0.12
7.409684,192.168.207.242,72.25.64.16,TCP,420,Normal,0.88,0.12
7.409684,192.168.207.242,72.25.64.16,TLSv1.2,421,Normal,0.88,0.12
7.409684,192.168.207.242,72.25.64.16,TCP,422,Normal,0.88,0.12
7.409684,192.168.207.242,72.25.64.16,TCP,423,Normal,0.88,0.12
7.409684,192.168.207.242,72.25.64.16,TCP,424,Normal,0.88,0.12
7.409684,192.168.207.242,72.25.64.16,TLSv1.2,425,Normal,0.88,0.12
7.409684,192.168.207.242,72.25.64.16,TCP,426,Normal,0.88,0.12
7.409734,72.25.64.16,192.168.207.242,TCP,427,Normal,0.86,0.14
7.40975,192.168.207.242,72.25.64.16,TCP,428,Normal,0.88,0.12
7.40975,192.168.207.242,72.25.64.16,TCP,429,Normal,0.88,0.12
7.40975,192.168.207.242,72.25.64.16,TCP,430,Normal,0.88,0.12
7.40975,192.168.207.242,72.25.64.16,TCP,431,Normal,0.88,0.12
7.409775,72.25.64.16,192.168.207.242,TCP,432,Normal,0.88,0.12
7.409775,72.25.64.16,192.168.207.242,TCP,433,Normal,0.9,0.1
7.409843,192.168.207.242,72.25.64.16,TCP,434,Normal,0.88,0.12
7.409843,192.168.207.242,72.25.64.16,TCP,435,Normal,0.9,0.1
7.409843,192.168.207.242,72.25.64.16,TCP,436,Normal,0.9,0.1
7.409843,192.168.207.242,72.25.64.16,TCP,437,Normal,0.9,0.1
7.409843,192.168.207.242,72.25.64.16,TCP,438,Normal,0.9,0.1
7.409843,192.168.207.242,72.25.64.16,TCP,439,Normal,0.9,0.1
7.409921,72.25.64.16,192.168.207.242,TCP,440,Normal,0.88,0.12
7.409921,72.25.64.16,192.168.207.242,TCP,441,Normal,0.9,0.1
7.409921,72.25.64.16,192.168.207.242,TCP,442,Normal,0.9,0.1
7.409958,192.168.207.242,72.25.64.16,TLSv1.2,443,Normal,0.88,0.12
7.409958,192.168.207.242,72.25.64.16,TCP,444,Normal,0.9,0.1
7.409958,192.168.207.242,72.25.64.16,TCP,445,Normal,0.9,0.1
7.409958,192.168.207.242,72.25.64.16,TCP,446,Normal,0.9,0.1
7.409958,192.168.207.242,72.25.64.16,TCP,447,Normal,0.9,0.1
7.409958,192.168.207.242,72.25.64.16,TCP,448,Normal,0.9,0.1
7.409958,192.168.207.242,72.25.64.16,TCP,449,Normal,0.88,0.12
7.409958,192.168.207.242,72.25.64.16,TCP,450,Normal,0.88,0.12
7.409958,192.168.207.242,72.25.64.16,TCP,451,Normal,0.88,0.12
7.409958,192.168.207.242,72.25.64.16,TCP,452,Normal,0.88,0.12
7.409958,192.168.207.242,72.25.64.16,TCP,453,Normal,0.88,0.12
7.409958,192.168.207.242,72.25.64.16,TCP,454,Normal,0.88,0.12
7.410052,72.25.64.16,192.168.207.242,TCP,455,Normal,0.86,0.14
7.410077,192.168.207.242,72.25.64.16,TCP,456,Normal,0.86,0.14
7.410077,192.168.207.242,72.25.64.16,TLSv1.2,457,Normal,0.88,0.12
7.410077,192.168.207.242,72.25.64.16,TCP,458,Normal,0.88,0.12
7.410077,192.168.207.242,72.25.64.16,TCP,459,Normal,0.88,0.12
7.410104,72.25.64.16,192.168.207.242,TCP,460,Normal,0.88,0.12
7.410124,192.168.207.242,72.25.64.16,TCP,461,Normal,0.88,0.12
7.410124,192.168.207.242,72.25.64.16,TCP,462,Normal,0.9,0.1
7.410124,192.168.207.242,72.25.64.16,TCP,463,Normal,0.9,0.1
7.410124,192.168.207.242,72.25.64.16,TCP,464,Normal,0.9,0.1
7.410265,72.25.64.16,192.168.207.242,TCP,465,Normal,0.88,0.12
7.410297,192.168.207.242,72.25.64.16,TCP,466,Normal,0.88,0.12
7.410297,192.168.207.242,72.25.64.16,TCP,467,Normal,0.9,0.1
7.538586,72.25.64.16,192.168.207.242,TCP,468,Normal,0.96,0.04
7.538586,72.25.64.16,192.168.207.242,TCP,469,Normal,0.9,0.1
7.538656,192.168.207.242,72.25.64.16,TCP,470,Normal,0.88,0.12
7.538656,192.168.207.242,72.25.64.16,TCP,471,Normal,0.9,0.1
7.538656,192.168.207.242,72.25.64.16,TCP,472,Normal,0.9,0.1
7.538656,192.168.207.242,72.25.64.16,TLSv1.2,473,Normal,0.9,0.1
7.538656,192.168.207.242,72.25.64.16,TCP,474,Normal,0.9,0.1
7.538656,192.168.207.242,72.25.64.16,TCP,475,Normal,0.9,0.1
7.538656,192.168.207.242,72.25.64.16,TCP,476,Normal,0.9,0.1
7.538656,192.168.207.242,72.25.64.16,TLSv1.2,477,Normal,0.9,0.1
7.541741,72.25.64.16,192.168.207.242,TCP,478,Normal,0.98,0.02
7.547542,72.25.64.16,192.168.207.242,TCP,479,Normal,0.96,0.04
7.553357,72.25.64.16,192.168.207.242,TCP,480,Normal,0.96,0.04
7.559346,72.25.64.16,192.168.207.242,TCP,481,Normal,0.96,0.04
7.56741,72.25.64.16,192.168.207.242,TCP,482,Normal,0.96,0.04
7.56741,72.25.64.16,192.168.207.242,TCP,483,Normal,0.88,0.12
7.573075,72.25.64.16,192.168.207.242,TCP,484,Normal,0.96,0.04
7.573075,72.25.64.16,192.168.207.242,TCP,485,Normal,0.88,0.12
7.577434,72.25.64.16,192.168.207.242,TCP,486,Normal,0.96,0.04
7.577434,72.25.64.16,192.168.207.242,TCP,487,Normal,0.88,0.12
7.686754,72.25.64.16,192.168.207.242,TCP,488,Normal,0.94,0.06
7.686754,72.25.64.16,192.168.207.242,TCP,489,Normal,0.88,0.12
7.691699,72.25.64.16,192.168.207.242,TCP,490,Normal,0.96,0.04
7.691699,72.25.64.16,192.168.207.242,TCP,491,Normal,0.88,0.12
7.697062,72.25.64.16,192.168.207.242,TCP,492,Normal,0.96,0.04
7.703518,72.25.64.16,192.168.207.242,TCP,493,Normal,0.96,0.04
7.709173,72.25.64.16,192.168.207.242,TCP,494,Normal,0.96,0.04
7.717046,72.25.64.16,192.168.207.242,TCP,495,Normal,0.96,0.04
7.723494,72.25.64.16,192.168.207.242,TCP,496,Normal,0.96,0.04
7.723494,72.25.64.16,192.168.207.242,TCP,497,Normal,0.88,0.12
7.723556,72.25.64.16,192.168.207.242,TCP,498,Normal,0.86,0.14
7.72378,72.25.64.16,192.168.207.242,TCP,499,Normal,0.88,0.12
7.729289,72.25.64.16,192.168.207.242,TCP,500,Normal,0.96,0.04
7.729289,72.25.64.16,192.168.207.242,TCP,501,Normal,0.88,0.12
7.733577,72.25.64.16,192.168.207.242,TCP,502,Normal,0.96,0.04
7.743127,72.25.64.16,192.168.207.242,TCP,503,Normal,0.96,0.04
7.743127,72.25.64.16,192.168.207.242,TCP,504,Normal,0.88,0.12
7.747281,72.25.64.16,192.168.207.242,TCP,505,Normal,0.96,0.04
7.747281,72.25.64.16,192.168.207.242,TCP,506,Normal,0.88,0.12
7.752972,72.25.64.16,192.168.207.242,TCP,507,Normal,0.96,0.04
7.752972,72.25.64.16,192.168.207.242,TCP,508,Normal,0.88,0.12
7.759364,72.25.64.16,192.168.207.242,TCP,509,Normal,0.96,0.04
7.766899,72.25.64.16,192.168.207.242,TCP,510,Normal,0.96,0.04
7.771268,72.25.64.16,192.168.207.242,TCP,511,Normal,0.96,0.04
7.771268,72.25.64.16,192.168.207.242,TCP,512,Normal,0.88,0.12
7.777221,72.25.64.16,192.168.207.242,TCP,513,Normal,0.96,0.04
7.817391,72.25.64.16,192.168.207.242,TCP,514,Normal,0.94,0.06
7.817391,72.25.64.16,192.168.207.242,TCP,515,Normal,0.88,0.12
7.81758,72.25.64.16,192.168.207.242,TCP,516,Normal,0.88,0.12
7.81758,72.25.64.16,192.168.207.242,TCP,517,Normal,0.88,0.12
7.818129,72.25.64.16,192.168.207.242,TCP,518,Normal,0.9,0.1
7.835939,72.25.64.16,192.168.207.242,TLSv1.2,519,Normal,0.94,0.06
7.835939,72.25.64.16,192.168.207.242,TLSv1.2,520,Normal,0.88,0.12
7.836212,192.168.207.242,72.25.64.16,TCP,521,Normal,0.88,0.12
7.836265,192.168.207.242,72.25.64.16,TLSv1.2,522,Normal,0.86,0.14
7.836514,192.168.207.242,72.25.64.16,TCP,523,Normal,0.88,0.12
7.895605,192.168.207.242,72.25.64.16,TCP,524,Normal,0.9,0.1
8.370479,192.168.207.242,72.25.64.16,TCP,525,Normal,0.92,0.08
8.39006,72.25.64.16,192.168.207.242,TCP,526,Normal,0.94,0.06
8.39006,72.25.64.16,192.168.207.242,TCP,527,Normal,0.88,0.12
8.39006,72.25.64.16,192.168.207.242,TCP,528,Normal,0.86,0.14
8.390214,192.168.207.242,72.25.64.16,TCP,529,Normal,0.86,0.14
8.391706,192.168.207.242,72.25.64.16,TLSv1.2,530,Normal,0.92,0.08
8.84795,192.168.207.242,72.25.64.2,TCP,531,Normal,0.88,0.12
8.863142,72.25.64.16,192.168.207.242,TCP,532,Normal,0.94,0.06
8.863142,72.25.64.16,192.168.207.242,TCP,533,Normal,0.88,0.12
8.863334,72.25.64.16,192.168.207.242,TCP,534,Normal,0.88,0.12
8.86339,192.168.207.242,72.25.64.16,TCP,535,Normal,0.86,0.14
8.863576,72.25.64.16,192.168.207.242,TLSv1.2,536,Normal,0.88,0.12
8.863693,72.25.64.16,192.168.207.242,TLSv1.2,537,Normal,0.86,0.14
8.863746,192.168.207.242,72.25.64.16,TCP,538,Normal,0.86,0.14
8.86525,192.168.207.242,72.25.64.16,TLSv1.2,539,Normal,0.9,0.1
9.16273,72.25.64.2,192.168.207.242,TCP,540,Normal,0.9,0.1
9.16273,72.25.64.16,192.168.207.242,TCP,541,Normal,0.88,0.12
9.16273,72.25.64.16,192.168.207.242,TLSv1.2,542,Normal,0.9,0.1
9.16273,72.25.64.16,192.168.207.242,TLSv1.2,543,Normal,0.88,0.12
9.162896,192.168.207.242,72.25.64.2,TCP,544,Normal,0.86,0.14
9.162931,192.168.207.242,72.25.64.16,TCP,545,Normal,0.86,0.14
9.164155,192.168.207.242,72.25.64.2,TLSv1.2,546,Normal,0.92,0.08
9.167068,192.168.207.242,72.25.64.16,TLSv1.2,547,Normal,0.96,0.04
9.167885,192.168.207.242,72.25.64.16,TCP,548,Normal,0.92,0.08
9.167885,192.168.207.242,72.25.64.16,TCP,549,Normal,0.88,0.12
9.167885,192.168.207.242,72.25.64.16,TCP,550,Normal,0.88,0.12
9.167885,192.168.207.242,72.25.64.16,TCP,551,Normal,0.88,0.12
9.167885,192.168.207.242,72.25.64.16,TCP,552,Normal,0.88,0.12
9.167885,192.168.207.242,72.25.64.16,TCP,553,Normal,0.88,0.12
9.167885,192.168.207.242,72.25.64.16,TCP,554,Normal,0.88,0.12
9.167885,192.168.207.242,72.25.64.16,TCP,555,Normal,0.88,0.12
9.167885,192.168.207.242,72.25.64.16,TCP,556,Normal,0.88,0.12
9.83863,192.168.207.242,72.25.64.2,TCP,557,Normal,0.94,0.06
9.860223,72.25.64.2,192.168.207.242,TCP,558,Normal,0.94,0.06
9.860223,72.25.64.2,192.168.207.242,TCP,559,Normal,0.88,0.12
9.860223,72.25.64.2,192.168.207.242,TLSv1.2,560,Normal,0.88,0.12
9.860223,72.25.64.2,192.168.207.242,TLSv1.2,561,Normal,0.88,0.12
9.860223,72.25.64.16,192.168.207.242,TCP,562,Normal,0.88,0.12
9.860223,72.25.64.16,192.168.207.242,TCP,563,Normal,0.88,0.12
9.860223,72.25.64.16,192.168.207.242,TCP,564,Normal,0.88,0.12
9.860223,72.25.64.16,192.168.207.242,TCP,565,Normal,0.88,0.12
9.860424,192.168.207.242,72.25.64.2,TCP,566,Normal,0.88,0.12
9.860471,192.168.207.242,72.25.64.16,TCP,567,Normal,0.86,0.14
9.860471,192.168.207.242,72.25.64.16,TCP,568,Normal,0.88,0.12
9.860471,192.168.207.242,72.25.64.16,TCP,569,Normal,0.88,0.12
9.860471,192.168.207.242,72.25.64.16,TLSv1.2,570,Normal,0.88,0.12
9.860471,192.168.207.242,72.25.64.16,TCP,571,Normal,0.88,0.12
9.860471,192.168.207.242,72.25.64.16,TCP,572,Normal,0.88,0.12
9.860471,192.168.207.242,72.25.64.16,TCP,573,Normal,0.86,0.14
9.860471,192.168.207.242,72.25.64.16,TCP,574,Normal,0.86,0.14
9.860471,192.168.207.242,72.25.64.16,TCP,575,Normal,0.86,0.14
9.860471,192.168.207.242,72.25.64.16,TCP,576,Normal,0.86,0.14
9.860471,192.168.207.242,72.25.64.16,TCP,577,Normal,0.86,0.14
9.860471,192.168.207.242,72.25.64.16,TCP,578,Normal,0.86,0.14
9.860471,192.168.207.242,72.25.64.16,TCP,579,Normal,0.86,0.14
9.860718,72.25.64.16,192.168.207.242,TCP,580,Normal,0.86,0.14
9.860718,72.25.64.16,192.168.207.242,TCP,581,Normal,0.86,0.14
9.860756,192.168.207.242,72.25.64.16,TCP,582,Normal,0.84,0.16
9.860756,192.168.207.242,72.25.64.16,TCP,583,Normal,0.86,0.14
9.860756,192.168.207.242,72.25.64.16,TCP,584,Normal,0.86,0.14
9.860756,192.168.207.242,72.25.64.16,TLSv1.2,585,Normal,0.86,0.14
9.860756,192.168.207.242,72.25.64.16,TCP,586,Normal,0.86,0.14
9.860756,192.168.207.242,72.25.64.16,TCP,587,Normal,0.86,0.14
9.862972,192.168.207.242,72.25.64.2,TLSv1.2,588,Normal,0.88,0.12
10.120977,52.168.117.173,192.168.207.242,TCP,589,Normal,0.94,0.06
10.120977,52.168.117.173,192.168.207.242,TLSv1.2,590,Normal,0.86,0.14
10.121103,192.168.207.242,52.168.117.173,TCP,591,Normal,0.84,0.16
10.122419,192.168.207.242,52.168.117.173,TCP,592,Normal,0.9,0.1
10.172087,72.25.64.2,192.168.207.242,TCP,593,Normal,0.94,0.06
10.181368,72.25.64.16,192.168.207.242,TCP,594,Normal,0.94,0.06
10.181438,192.168.207.242,72.25.64.16,TCP,595,Normal,0.84,0.16
10.181438,192.168.207.242,72.25.64.16,TCP,596,Normal,0.86,0.14
10.181438,192.168.207.242,72.25.64.16,TCP,597,Normal,0.86,0.14
10.181438,192.168.207.242,72.25.64.16,TCP,598,Normal,0.86,0.14
10.18688,72.25.64.16,192.168.207.242,TCP,599,Normal,0.94,0.06
10.186935,192.168.207.242,72.25.64.16,TCP,600,Normal,0.86,0.14
10.186935,192.168.207.242,72.25.64.16,TCP,601,Normal,0.88,0.12
10.186935,192.168.207.242,72.25.64.16,TCP,602,Normal,0.88,0.12
10.186935,192.168.207.242,72.25.64.16,TCP,603,Normal,0.88,0.12
10.192663,72.25.64.16,192.168.207.242,TCP,604,Normal,0.96,0.04
10.192722,192.168.207.242,72.25.64.16,TCP,605,Normal,0.86,0.14
10.192722,192.168.207.242,72.25.64.16,TLSv1.2,606,Normal,0.88,0.12
10.192722,192.168.207.242,72.25.64.16,TCP,607,Normal,0.88,0.12
10.192722,192.168.207.242,72.25.64.16,TCP,608,Normal,0.88,0.12
10.203517,72.25.64.16,192.168.207.242,TCP,609,Normal,0.96,0.04
10.203574,192.168.207.242,72.25.64.16,TCP,610,Normal,0.86,0.14
10.203574,192.168.207.242,72.25.64.16,TCP,611,Normal,0.86,0.14
10.203574,192.168.207.242,72.25.64.16,TCP,612,Normal,0.84,0.16
10.203574,192.168.207.242,72.25.64.16,TCP,613,Normal,0.84,0.16
10.213051,72.25.64.16,192.168.207.242,TCP,614,Normal,0.9,0.1
10.213103,192.168.207.242,72.25.64.16,TCP,615,Normal,0.82,0.18
10.213103,192.168.207.242,72.25.64.16,TCP,616,Normal,0.88,0.12
10.213103,192.168.207.242,72.25.64.16,TCP,617,Normal,0.88,0.12
10.213103,192.168.207.242,72.25.64.16,TCP,618,Normal,0.88,0.12
10.218659,72.25.64.16,192.168.207.242,TCP,619,Normal,0.94,0.06
10.218708,192.168.207.242,72.25.64.16,TCP,620,Normal,0.86,0.14
10.218708,192.168.207.242,72.25.64.16,TCP,621,Normal,0.9,0.1
10.218708,192.168.207.242,72.25.64.16,TLSv1.2,622,Normal,0.9,0.1
10.218708,192.168.207.242,72.25.64.16,TCP,623,Normal,0.86,0.14
10.224688,72.25.64.16,192.168.207.242,TCP,624,Normal,0.92,0.08
10.224741,192.168.207.242,72.25.64.16,TCP,625,Normal,0.84,0.16
10.224741,192.168.207.242,72.25.64.16,TCP,626,Normal,0.86,0.14
10.224741,192.168.207.242,72.25.64.16,TLSv1.2,627,Normal,0.82,0.18
10.224741,192.168.207.242,72.25.64.16,TCP,628,Normal,0.8,0.2
10.230735,72.25.64.2,192.168.207.242,TCP,629,Normal,0.86,0.14
10.230735,72.25.64.16,192.168.207.242,TCP,630,Normal,0.8,0.2
10.230792,192.168.207.242,72.25.64.16,TCP,631,Normal,0.78,0.22
10.230792,192.168.207.242,72.25.64.16,TCP,632,Normal,0.8,0.2
10.230792,192.168.207.242,72.25.64.16,TCP,633,Normal,0.8,0.2
10.230792,192.168.207.242,72.25.64.16,TCP,634,Normal,0.8,0.2
10.237184,72.25.64.2,192.168.207.242,TLSv1.2,635,Normal,0.86,0.14
10.237184,72.25.64.2,192.168.207.242,TLSv1.2,636,Normal,0.8,0.2
10.237261,192.168.207.242,72.25.64.2,TCP,637,Normal,0.78,0.22
10.241012,192.168.207.242,72.25.64.2,TLSv1.2,638,Normal,0.86,0.14
10.24113,192.168.207.242,72.25.64.2,TLSv1.2,639,Normal,0.78,0.22
10.242764,72.25.64.16,192.168.207.242,TCP,640,Normal,0.82,0.18
10.242814,192.168.207.242,72.25.64.16,TCP,641,Normal,0.78,0.22
10.242814,192.168.207.242,72.25.64.16,TCP,642,Normal,0.8,0.2
10.242814,192.168.207.242,72.25.64.16,TCP,643,Normal,0.8,0.2
10.242814,192.168.207.242,72.25.64.16,TCP,644,Normal,0.8,0.2
10.333855,72.25.64.16,192.168.207.242,TCP,645,Normal,0.86,0.14
10.333916,192.168.207.242,72.25.64.16,TCP,646,Normal,0.78,0.22
10.333916,192.168.207.242,72.25.64.16,TCP,647,Normal,0.8,0.2
10.361718,52.168.117.173,192.168.207.242,TCP,648,Normal,0.86,0.14
10.361839,192.168.207.242,52.168.117.173,TCP,649,Normal,0.78,0.22
10.463688,72.25.64.16,192.168.207.242,TCP,650,Normal,0.86,0.14
10.46374,192.168.207.242,72.25.64.16,TLSv1.2,651,Normal,0.78,0.22
10.46374,192.168.207.242,72.25.64.16,TCP,652,Normal,0.8,0.2
10.46374,192.168.207.242,72.25.64.16,TCP,653,Normal,0.8,0.2
10.46374,192.168.207.242,72.25.64.16,TCP,654,Normal,0.8,0.2
10.475709,72.25.64.16,192.168.207.242,TCP,655,Normal,0.84,0.16
10.475768,192.168.207.242,72.25.64.16,TCP,656,Normal,0.76,0.24
10.475768,192.168.207.242,72.25.64.16,TCP,657,Normal,0.78,0.22
10.475768,192.168.207.242,72.25.64.16,TCP,658,Normal,0.78,0.22
10.475768,192.168.207.242,72.25.64.16,TCP,659,Normal,0.78,0.22
10.481486,72.25.64.16,192.168.207.242,TCP,660,Normal,0.84,0.16
10.481546,192.168.207.242,72.25.64.16,TCP,661,Normal,0.76,0.24
10.481546,192.168.207.242,72.25.64.16,TCP,662,Normal,0.78,0.22
10.481546,192.168.207.242,72.25.64.16,TCP,663,Normal,0.78,0.22
10.481546,192.168.207.242,72.25.64.16,TCP,664,Normal,0.78,0.22
10.487449,72.25.64.16,192.168.207.242,TCP,665,Normal,0.84,0.16
10.48749,192.168.207.242,72.25.64.16,TCP,666,Normal,0.76,0.24
10.48749,192.168.207.242,72.25.64.16,TLSv1.2,667,Normal,0.78,0.22
10.48749,192.168.207.242,72.25.64.16,TCP,668,Normal,0.78,0.22
10.48749,192.168.207.242,72.25.64.16,TCP,669,Normal,0.78,0.22
10.498017,72.25.64.16,192.168.207.242,TCP,670,Normal,0.84,0.16
10.49807,192.168.207.242,72.25.64.16,TCP,671,Normal,0.76,0.24
10.49807,192.168.207.242,72.25.64.16,TCP,672,Normal,0.78,0.22
10.49807,192.168.207.242,72.25.64.16,TCP,673,Normal,0.78,0.22
10.49807,192.168.207.242,72.25.64.16,TCP,674,Normal,0.78,0.22
10.503529,72.25.64.16,192.168.207.242,TCP,675,Normal,0.84,0.16
10.503529,72.25.64.16,192.168.207.242,TCP,676,Normal,0.78,0.22
10.503623,192.168.207.242,72.25.64.16,TCP,677,Normal,0.76,0.24
10.503623,192.168.207.242,72.25.64.16,TCP,678,Normal,0.78,0.22
10.503623,192.168.207.242,72.25.64.16,TCP,679,Normal,0.78,0.22
10.503623,192.168.207.242,72.25.64.16,TCP,680,Normal,0.78,0.22
10.503623,192.168.207.242,72.25.64.16,TCP,681,Normal,0.78,0.22
10.503623,192.168.207.242,72.25.64.16,TLSv1.2,682,Normal,0.78,0.22
10.503623,192.168.207.242,72.25.64.16,TCP,683,Normal,0.78,0.22
10.503623,192.168.207.242,72.25.64.16,TCP,684,Normal,0.78,0.22
10.509588,72.25.64.16,192.168.207.242,TCP,685,Normal,0.84,0.16
10.50968,192.168.207.242,72.25.64.16,TCP,686,Normal,0.76,0.24
10.50968,192.168.207.242,72.25.64.16,TCP,687,Normal,0.78,0.22
10.50968,192.168.207.242,72.25.64.16,TCP,688,Normal,0.78,0.22
10.50968,192.168.207.242,72.25.64.16,TCP,689,Normal,0.78,0.22
10.518612,72.25.64.16,192.168.207.242,TCP,690,Normal,0.84,0.16
10.518664,192.168.207.242,72.25.64.16,TCP,691,Normal,0.76,0.24
10.518664,192.168.207.242,72.25.64.16,TCP,692,Normal,0.78,0.22
10.518664,192.168.207.242,72.25.64.16,TCP,693,Normal,0.78,0.22
10.518664,192.168.207.242,72.25.64.16,TCP,694,Normal,0.78,0.22
10.529393,72.25.64.16,192.168.207.242,TCP,695,Normal,0.84,0.16
10.529443,192.168.207.242,72.25.64.16,TCP,696,Normal,0.76,0.24
10.529443,192.168.207.242,72.25.64.16,TCP,697,Normal,0.78,0.22
10.529443,192.168.207.242,72.25.64.16,TLSv1.2,698,Normal,0.78,0.22
10.529443,192.168.207.242,72.25.64.16,TCP,699,Normal,0.78,0.22
10.537566,72.25.64.16,192.168.207.242,TCP,700,Normal,0.84,0.16
10.537612,192.168.207.242,72.25.64.16,TCP,701,Normal,0.76,0.24
10.537612,192.168.207.242,72.25.64.16,TCP,702,Normal,0.78,0.22
10.537612,192.168.207.242,72.25.64.16,TLSv1.2,703,Normal,0.78,0.22
10.537612,192.168.207.242,72.25.64.16,TCP,704,Normal,0.78,0.22
10.549627,72.25.64.16,192.168.207.242,TCP,705,Normal,0.84,0.16
10.549627,72.25.64.16,192.168.207.242,TCP,706,Normal,0.78,0.22
10.549678,192.168.207.242,72.25.64.16,TCP,707,Normal,0.76,0.24
10.549678,192.168.207.242,72.25.64.16,TCP,708,Normal,0.78,0.22
10.549678,192.168.207.242,72.25.64.16,TCP,709,Normal,0.78,0.22
10.549678,192.168.207.242,72.25.64.16,TCP,710,Normal,0.78,0.22
10.549678,192.168.207.242,72.25.64.16,TCP,711,Normal,0.8,0.2
10.549678,192.168.207.242,72.25.64.16,TCP,712,Normal,0.8,0.2
10.549678,192.168.207.242,72.25.64.16,TCP,713,Normal,0.8,0.2
10.549678,192.168.207.242,72.25.64.16,TCP,714,Normal,0.8,0.2
10.555185,72.25.64.16,192.168.207.242,TCP,715,Normal,0.86,0.14
10.55525,192.168.207.242,72.25.64.16,TCP,716,Normal,0.78,0.22
10.55525,192.168.207.242,72.25.64.16,TCP,717,Normal,0.8,0.2
10.562885,72.25.64.16,192.168.207.242,TCP,718,Normal,0.86,0.14
10.562932,192.168.207.242,72.25.64.16,TLSv1.2,719,Normal,0.78,0.22
10.562932,192.168.207.242,72.25.64.16,TCP,720,Normal,0.8,0.2
10.562932,192.168.207.242,72.25.64.16,TCP,721,Normal,0.8,0.2
10.562932,192.168.207.242,72.25.64.16,TCP,722,Normal,0.8,0.2
10.573842,72.25.64.16,192.168.207.242,TCP,723,Normal,0.86,0.14
10.573891,192.168.207.242,72.25.64.16,TCP,724,Normal,0.78,0.22
10.573891,192.168.207.242,72.25.64.16,TCP,725,Normal,0.8,0.2
10.573891,192.168.207.242,72.25.64.16,TCP,726,Normal,0.8,0.2
10.573891,192.168.207.242,72.25.64.16,TCP,727,Normal,0.8,0.2
10.581077,72.25.64.2,192.168.207.242,TCP,728,Normal,0.86,0.14
10.590329,72.25.64.2,192.168.207.242,TCP,729,Normal,0.86,0.14
10.596549,72.25.64.16,192.168.207.242,TCP,730,Normal,0.86,0.14
10.596599,192.168.207.242,72.25.64.16,TCP,731,Normal,0.78,0.22
10.596599,192.168.207.242,72.25.64.16,TCP,732,Normal,0.8,0.2
10.596599,192.168.207.242,72.25.64.16,TCP,733,Normal,0.8,0.2
10.596599,192.168.207.242,72.25.64.16,TCP,734,Normal,0.8,0.2
10.599779,72.25.64.16,192.168.207.242,TCP,735,Normal,0.86,0.14
10.599854,192.168.207.242,72.25.64.16,TCP,736,Normal,0.78,0.22
10.599854,192.168.207.242,72.25.64.16,TLSv1.2,737,Normal,0.8,0.2
10.599854,192.168.207.242,72.25.64.16,TCP,738,Normal,0.8,0.2
10.599854,192.168.207.242,72.25.64.16,TCP,739,Normal,0.8,0.2
10.605845,72.25.64.2,192.168.207.242,TLSv1.2,740,Normal,0.86,0.14
10.605845,72.25.64.2,192.168.207.242,TLSv1.2,741,Normal,0.8,0.2
10.605965,192.168.207.242,72.25.64.2,TCP,742,Normal,0.78,0.22
10.606076,192.168.207.242,72.25.64.2,TLSv1.2,743,Normal,0.78,0.22
10.606138,192.168.207.242,72.25.64.2,TCP,744,Normal,0.78,0.22
10.637273,72.25.64.16,192.168.207.242,TCP,745,Normal,0.86,0.14
10.637325,192.168.207.242,72.25.64.16,TCP,746,Normal,0.78,0.22
10.637325,192.168.207.242,72.25.64.16,TCP,747,Normal,0.8,0.2
10.637325,192.168.207.242,72.25.64.16,TCP,748,Normal,0.8,0.2
10.637325,192.168.207.242,72.25.64.16,TCP,749,Normal,0.8,0.2
10.748152,72.25.64.16,192.168.207.242,TCP,750,Normal,0.86,0.14
10.74823,192.168.207.242,72.25.64.16,TCP,751,Normal,0.78,0.22
10.74823,192.168.207.242,72.25.64.16,TCP,752,Normal,0.8,0.2
10.754332,72.25.64.16,192.168.207.242,TCP,753,Normal,0.86,0.14
10.754393,192.168.207.242,72.25.64.16,TCP,754,Normal,0.8,0.2
10.754393,192.168.207.242,72.25.64.16,TCP,755,Normal,0.82,0.18
10.754393,192.168.207.242,72.25.64.16,TCP,756,Normal,0.82,0.18
10.754472,72.25.64.16,192.168.207.242,TCP,757,Normal,0.8,0.2
10.754507,192.168.207.242,72.25.64.16,TLSv1.2,758,Normal,0.8,0.2
10.754507,192.168.207.242,72.25.64.16,TCP,759,Normal,0.8,0.2
10.763736,72.25.64.16,192.168.207.242,TCP,760,Normal,0.86,0.14
10.763868,192.168.207.242,72.25.64.16,TCP,761,Normal,0.78,0.22
10.763868,192.168.207.242,72.25.64.16,TCP,762,Normal,0.8,0.2
10.763868,192.168.207.242,72.25.64.16,TLSv1.2,763,Normal,0.8,0.2
10.775568,72.25.64.16,192.168.207.242,TCP,764,Normal,0.86,0.14
10.775645,72.25.64.16,192.168.207.242,TCP,765,Normal,0.78,0.22
10.775761,72.25.64.16,192.168.207.242,TCP,766,Normal,0.78,0.22
10.77748,72.25.64.16,192.168.207.242,TCP,767,Normal,0.82,0.18
10.783169,72.25.64.16,192.168.207.242,TCP,768,Normal,0.86,0.14
10.794572,72.25.64.16,192.168.207.242,TCP,769,Normal,0.86,0.14
10.798066,72.25.64.16,192.168.207.242,TCP,770,Normal,0.86,0.14
10.804741,72.25.64.16,192.168.207.242,TCP,771,Normal,0.86,0.14
10.810351,72.25.64.16,192.168.207.242,TCP,772,Normal,0.86,0.14
10.812502,72.25.64.16,192.168.207.242,TCP,773,Normal,0.82,0.18
10.815964,72.25.64.16,192.168.207.242,TCP,774,Normal,0.86,0.14
10.818026,72.25.64.16,192.168.207.242,TCP,775,Normal,0.82,0.18
10.824146,72.25.64.16,192.168.207.242,TCP,776,Normal,0.86,0.14
10.828105,72.25.64.16,192.168.207.242,TCP,777,Normal,0.86,0.14
10.83983,72.25.64.16,192.168.207.242,TCP,778,Normal,0.86,0.14
10.840873,72.25.64.16,192.168.207.242,TCP,779,Normal,0.82,0.18
10.840873,72.25.64.16,192.168.207.242,TCP,780,Normal,0.8,0.2
10.844559,72.25.64.16,192.168.207.242,TCP,781,Normal,0.86,0.14
10.845104,72.25.64.16,192.168.207.242,TCP,782,Normal,0.8,0.2
10.847444,72.25.64.16,192.168.207.242,TCP,783,Normal,0.82,0.18
10.855534,72.25.64.16,192.168.207.242,TCP,784,Normal,0.86,0.14
10.857813,72.25.64.16,192.168.207.242,TCP,785,Normal,0.82,0.18
10.864785,72.25.64.16,192.168.207.242,TCP,786,Normal,0.86,0.14
10.865195,72.25.64.16,192.168.207.242,TCP,787,Normal,0.8,0.2
10.867585,72.25.64.16,192.168.207.242,TCP,788,Normal,0.84,0.16
10.883305,72.25.64.2,192.168.207.242,TCP,789,Normal,0.86,0.14
10.883515,72.25.64.16,192.168.207.242,TCP,790,Normal,0.78,0.22
10.883515,72.25.64.16,192.168.207.242,TCP,791,Normal,0.8,0.2
10.884648,72.25.64.16,192.168.207.242,TCP,792,Normal,0.82,0.18
10.885711,72.25.64.16,192.168.207.242,TCP,793,Normal,0.82,0.18
10.887663,72.25.64.16,192.168.207.242,TCP,794,Normal,0.82,0.18
10.892233,72.25.64.16,192.168.207.242,TCP,795,Normal,0.86,0.14
10.909458,72.25.64.2,192.168.207.242,TCP,796,Normal,0.86,0.14
10.909458,72.25.64.16,192.168.207.242,TCP,797,Normal,0.8,0.2
10.922456,72.25.64.16,192.168.207.242,TCP,798,Normal,0.86,0.14
10.922456,72.25.64.16,192.168.207.242,TCP,799,Normal,0.8,0.2
11.020346,72.25.64.16,192.168.207.242,TCP,800,Normal,0.86,0.14
11.032878,72.25.64.16,192.168.207.242,TCP,801,Normal,0.86,0.14
11.038238,72.25.64.16,192.168.207.242,TCP,802,Normal,0.86,0.14
11.049276,72.25.64.16,192.168.207.242,TCP,803,Normal,0.86,0.14
11.050579,72.25.64.16,192.168.207.242,TCP,804,Normal,0.82,0.18
11.066892,72.25.64.16,192.168.207.242,TCP,805,Normal,0.86,0.14
11.082579,72.25.64.16,192.168.207.242,TLSv1.2,806,Normal,0.86,0.14
11.082793,192.168.207.242,72.25.64.16,TLSv1.2,807,Normal,0.78,0.22
11.082845,192.168.207.242,72.25.64.16,TCP,808,Normal,0.78,0.22
11.082908,72.25.64.16,192.168.207.242,TLSv1.2,809,Normal,0.78,0.22
11.082958,192.168.207.242,72.25.64.16,TCP,810,Normal,0.78,0.22
11.117398,192.168.207.242,192.168.207.206,DNS,811,Normal,0.86,0.14
11.122584,192.168.207.206,192.168.207.242,DNS,812,Normal,0.86,0.14
11.123247,192.168.207.242,72.25.64.16,TCP,813,Normal,0.8,0.2
11.40152,72.25.64.16,192.168.207.242,TCP,814,Normal,0.86,0.14
11.40152,72.25.64.16,192.168.207.242,TCP,815,Normal,0.8,0.2
11.567089,72.25.64.16,192.168.207.242,TCP,816,Normal,0.82,0.18
11.567089,72.25.64.16,192.168.207.242,TCP,817,Normal,0.8,0.2
11.567269,192.168.207.242,72.25.64.16,TCP,818,Normal,0.78,0.22
11.568591,192.168.207.242,72.25.64.16,TLSv1.2,819,Normal,0.82,0.18
12.09139,192.168.207.242,192.168.207.206,DNS,820,Normal,0.86,0.14
12.123391,72.25.64.16,192.168.207.242,TCP,821,Normal,0.86,0.14
12.123391,72.25.64.16,192.168.207.242,TCP,822,Normal,0.8,0.2
12.123391,72.25.64.16,192.168.207.242,TLSv1.2,823,Normal,0.8,0.2
12.123541,192.168.207.242,72.25.64.16,TCP,824,Normal,0.78,0.22
12.123598,72.25.64.16,192.168.207.242,TLSv1.2,825,Normal,0.78,0.22
12.123648,192.168.207.242,72.25.64.16,TCP,826,Normal,0.78,0.22
12.125503,192.168.207.206,192.168.207.242,DNS,827,Normal,0.82,0.18
12.126181,192.168.207.242,72.25.64.16,TLSv1.2,828,Normal,0.82,0.18
12.126586,192.168.207.242,72.25.64.2,TCP,829,Normal,0.8,0.2
12.522809,72.25.64.16,192.168.207.242,TCP,830,Normal,0.86,0.14
